,RBO k = 5,Jaccard k = 5
10,0.97625,1
20,0.766541,0.616562
30,0.5123665,0.4555555
40,0.36366451,0.25
50,0.20326556,0.09
60,0,0
70,0,0
80,0,0
90,0,0
